Req_ID,Requirement,Test_ID,Method,Scenario,Evidence,Status
R-TRACK-01,"|e_line| < 0.15 m",T-TRACK-01,T,S1,S1_verified_log.csv,Pass
R-TRACK-02,"IAE ≤ 0.025 m·s",T-TRACK-02,T,S1,S1_verified_log.csv,Pass
R-PERF-01,"t_final ≤ 75 s",T-PERF-01,T,S1,S1_verified_log.csv,Pass
R-ENERGY-01,"Energy < 65",T-ENERGY-01,A,S1,S1_verified_log.csv,Pass
R-OBS-01,"0 obstacle contacts",T-OBS-01,T,S2,S2_preliminary_log.csv,Pass
R-OBS-02,"Complete S2 scenario",T-OBS-02,T,S2,S2_preliminary_log.csv,Pass
R-SAFE-01,"v ≤ 0.45 m/s in fault",T-SAFE-01,T,S3,S3_preliminary_log.csv,Pass
R-ROBUST-01,"Detect fault within 1 cycle",T-SAFE-02,T,S3,S3_preliminary_log.csv,Pass
R-HMI-01,"Display telemetry at ≥10 Hz",T-HMI-01,I,N/A,,Pending
